Raiders,Patriots,Mexico,
Raiders,,Bye,
Patriots,,Bye,
Jaguars,Ravens,London,
Dolphins,Saints,London,
Browns,Vikings,London,
Rams,Cardinals,London,Division
Ravens,,Bye,
Jaguars,,Bye,
Dolphins,,Bye,
Saints,,Bye,
Vikings,,Bye,
Browns,,Bye,
Cardinals,,Bye,
Rams,,Bye,
Cowboys,Seahawks,,
Lions,Cardinals,,
Broncos,Raiders,Division,
Broncos,Chargers,Division,
Broncos,Chiefs,Division,
Broncos,Bengals,,
Broncos,Patriots,,
Broncos,Jets,,
Broncos,Cowboys,,
Broncos,Giants,,
Colts,Broncos,,
Raiders,Broncos,Division,
Chargers,Broncos,Division,
Chiefs,Broncos,Division,
Dolphins,Broncos,,
Bills,Broncos,,
Redskins,Broncos,,
Eagles,Broncos,,
Chiefs,Raiders,Division,
Chiefs,Chargers,Division,
Chiefs,Dolphins,,
Chiefs,Bills,,
Chiefs,Redskins,,
Chiefs,Eagles,,
Chiefs,Steelers,,
Raiders,Chiefs,Division,
Chargers,Chiefs,Division,
Patriots,Chiefs,,
Jets,Chiefs,GiantsJetsStadium,
Giants,Chiefs,GiantsJetsStadium,
Texans,Chiefs,,
Cowboys,Chiefs,,
Raiders,Chargers,Division,
Raiders,Jets,,
Raiders,Giants,,
Raiders,Ravens,,
Raiders,Cowboys,,
Chargers,Raiders,Division,
Bills,Raiders,,
Dolphins,Raiders,,
Redskins,Raiders,,
Eagles,Raiders,,
Titans,Raiders,,
Chargers,Eagles,,
Chargers,Redskins,,
Chargers,Bills,,
Chargers,Dolphins,,
Chargers,Browns,,
Cowboys,Chargers,,
Giants,Chargers,GiantsJetsStadium,
Patriots,Chargers,,
Jets,Chargers,GiantsJetsStadium,
Jaguars,Chargers,,
Patriots,Dolphins,Division,
Patriots,Jets,Division,
Patriots,Bills,Division,
Patriots,Panthers,,
Patriots,Falcons,,
Patriots,Texans,,
Bills,Patriots,Division,
Dolphins,Patriots,Division,
Jets,Patriots,Division,GiantsJetsStadium
Saints,Patriots,,
Buccaneers,Patriots,,
Steelers,Patriots,,
Dolphins,Jets,Division,
Dolphins,Bills,Division,
Dolphins,Buccaneers,,
Dolphins,Titans,,
Jets,Dolphins,GiantsJetsStadium,Division
Bills,Dolphins,Division,
Panthers,Dolphins,,
Falcons,Dolphins,,
Ravens,Dolphins,,
Bills,Buccaneers,,
Bills,Saints,,
Bills,Jets,Division,
Bills,Colts,,
Jets,Bills,GiantsJetsStadium,Division
Panthers,Bills,,
Falcons,Bills,,
Bengals,Bills,,
Jets,Panthers,GiantsJetsStadium,
Jets,Falcons,GiantsJetsStadium,
Jets,Jaguars,GiantsJetsStadium,
Saints,Jets,,
Buccaneers,Jets,,
Browns,Jets,,
Steelers,Bengals,Division,
Steelers,Browns,Division,
Steelers,Ravens,Division,
Steelers,Jaguars,,
Steelers,Titans,,
Steelers,Packers,,
Steelers,Vikings,,
Bengals,Steelers,Division,
Browns,Steelers,Division,
Ravens,Steelers,Division,
Texans,Steelers,,
Colts,Steelers,,
Lions,Steelers,,
Bears,Steelers,,
Ravens,Bengals,Division,
Ravens,Browns,Division,
Ravens,Texans,,
Ravens,Colts,,
Ravens,Lions,,
Ravens,Bears,,
Bengals,Ravens,Division,
Browns,Ravens,Division,
Titans,Ravens,,
Packers,Ravens,,
Vikings,Ravens,,
Bengals,Browns,Division,
Bengals,Texans,,
Bengals,Colts,,
Bengals,Bears,,
Bengals,Lions,,
Browns,Bengals,Division,
Jaguars,Bengals,,
Titans,Bengals,,
Vikings,Bengals,,
Packers,Bengals,,
Browns,Jaguars,,
Browns,Titans,,
Browns,Packers,,
Colts,Browns,,
Texans,Browns,,
Bears,Browns,,
Lions,Browns,,
Texans,Colts,Division,
Texans,Titans,Division,
Texans,Jaguars,Division,
Texans,49ers,,
Texans,Cardinals,,
Colts,Texans,Division,
Jaguars,Texans,Division,
Titans,Texans,Division,
Seahawks,Texans,,
Rams,Texans,,
Titans,Jaguars,Division,
Titans,Colts,Division,
Titans,Seahawks,,
Titans,Rams,,
Jaguars,Titans,Division,
Colts,Titans,Division,
49ers,Titans,,
Cardinals,Titans,,
Colts,Jaguars,Division,
Colts,Cardinals,,
Colts,49ers,,
Jaguars,Colts,Division,
Seahawks,Colts,,
Rams,Colts,,
Jaguars,Seahawks,,
Jaguars,Rams,,
49ers,Jaguars,,
Cardinals,Jaguars,,
Falcons,Panthers,Division,
Falcons,Saints,Division,
Falcons,Buccaneers,Division,
Falcons,Packers,,
Falcons,Vikings,,
Falcons,Cowboys,,
Panthers,Falcons,Division,
Saints,Falcons,Division,
Buccaneers,Falcons,Division,
Bears,Falcons,,
Lions,Falcons,,
Seahawks,Falcons,,
Buccaneers,Panthers,Division,
Buccaneers,Saints,Division,
Buccaneers,Bears,,
Buccaneers,Lions,,
Buccaneers,Giants,,
Panthers,Buccaneers,Division,
Saints,Buccaneers,Division,
Packers,Buccaneers,,
Vikings,Buccaneers,,
Cardinals,Buccaneers,,
Saints,Panthers,Division,
Saints,Bears,,
Saints,Lions,,
Saints,Redskins,,
Panthers,Saints,Division,
Packers,Saints,,
Vikings,Saints,,
Rams,Saints,,
Panthers,Packers,,
Panthers,Vikings,,
Panthers,Eagles,,
Bears,Panthers,,
Lions,Panthers,,
49ers,Panthers,,
Seahawks,49ers,Division,
Seahawks,Cardinals,Division,
Seahawks,Rams,Division,
Seahawks,Redskins,,
Seahawks,Eagles,,
49ers,Seahawks,Division,
Cardinals,Seahawks,Division,
Rams,Seahawks,Division,
Giants,Seahawks,GiantsJetsStadium,
Packers,Seahawks,,
Cardinals,49ers,Division,
Cardinals,Rams,Division,
Cardinals,Giants,,
Cardinals,Cowboys,,
49ers,Cardinals,Division,
Redskins,Cardinals,,
Eagles,Cardinals,,
Rams,Eagles,,
Rams,Redskins,,
Rams,49ers,Division,
49ers,Rams,Division,
Giants,Rams,GiantsJetsStadium,
Cowboys,Rams,,
Vikings,Rams,,
49ers,Giants,,
49ers,Cowboys,,
Eagles,49ers,,
Redskins,49ers,,
Bears,49ers,,
Packers,Vikings,Division,
Packers,Lions,Division,
Packers,Bears,Division,
Lions,Packers,Division,
Bears,Packers,Division,
Vikings,Packers,Division,
Cowboys,Packers,,
Lions,Vikings,Division,
Lions,Bears,Division,
Bears,Lions,Division,
Vikings,Lions,Division,
Giants,Lions,GiantsJetsStadium,
Vikings,Bears,Division,
Bears,Vikings,Division,
Redskins,Vikings,,
Eagles,Bears,,
Cowboys,Giants,Division,
Cowboys,Eagles,Division,
Cowboys,Redskins,Division,
Giants,Cowboys,GiantsJetsStadium,Division
Eagles,Cowboys,Division,
Redskins,Cowboys,Division,
Giants,Eagles,GiantsJetsStadium,Division
Giants,Redskins,GiantsJetsStadium,Division
Eagles,Giants,Division,
Redskins,Giants,Division,
Redskins,Eagles,Division,
Eagles,Redskins,Division,
Broncos,,Bye,
Chiefs,,Bye,
Chargers,,Bye,
Bills,,Bye,
Jets,,Bye,
Steelers,,Bye,
Bengals,,Bye,
Texans,,Bye,
Titans,,Bye,
Colts,,Bye,
Falcons,,Bye,
Buccaneers,,Bye,
Panthers,,Bye,
Seahawks,,Bye,
49ers,,Bye,
Packers,,Bye,
Lions,,Bye,
Bears,,Bye,
Cowboys,,Bye,
Giants,,Bye,
Redskins,,Bye,
Eagles,,Bye,
